{
  "mainAssemblyName": "MyPortfolio",
  "resources": {
    "hash": "sha256-N1sTw+KP3rU8CiATaQaVOyrHQ9g1EbEBioVhMWllags=",
    "jsModuleNative": {
      "dotnet.native.js": "sha256-vtotCeXt2UD6oc459laJT32vBgigZ+eLoUmdeFkvYDk="
    },
    "jsModuleRuntime": {
      "dotnet.runtime.js": "sha256-6bV/iAemowb59rmItegP8VsxwWpWUNyMb0Q76Fvvsjo="
    },
    "wasmNative": {
      "dotnet.native.wasm": "sha256-I9mo79uNpf37/J/jYCGkW9F0w+mgb+ezeNdHNbQNvf0="
    },
    "icu": {
      "icudt_CJK.dat": "sha256-SZLtQnRc0JkwqHab0VUVP7T3uBPSeYzxzDnpxPpUnHk=",
      "icudt_EFIGS.dat": "sha256-8fItetYY8kQ0ww6oxwTLiT3oXlBwHKumbeP2pRF4yTc=",
      "icudt_no_CJK.dat": "sha256-L7sV7NEYP37/Qr2FPCePo5cJqRgTXRwGHuwF5Q+0Nfs="
    },
    "coreAssembly": {},
    "assembly": {
      "Microsoft.AspNetCore.Components.wasm": "sha256-q13H8oqz2AAbvWpOAEJNLAELnnbSarmTUC1AurY0i5E=",
      "Microsoft.AspNetCore.Components.Web.wasm": "sha256-yqiSsagAiGzs4xPSpR6fXUq1OtpCZp2LRwCv6SYFxjI=",
      "Microsoft.AspNetCore.Components.WebAssembly.wasm": "sha256-pRbP6NI/LJ8K6Zbe2ysNcOB34a+gd7YS8OMh2hWPXYM=",
      "Microsoft.Extensions.Configuration.wasm": "sha256-od574rRtVVRJj+24jbl8j3GdQFpxlJOpSx+pEMw1Q18=",
      "Microsoft.Extensions.Configuration.Abstractions.wasm": "sha256-XR+WUfg8LtnrwdXFBnV+qO3ROyp6cYCfl1AZajIAheM=",
      "Microsoft.Extensions.Configuration.Json.wasm": "sha256-3UBRwvCkKtraRUarsIBDS05tA2rRm1leCB6EDfyVjeA=",
      "Microsoft.Extensions.DependencyInjection.wasm": "sha256-mw/Sy1n9J6R0bUD0GI5MtB/zP+wyzOPiVsOTA/1C4NA=",
      "Microsoft.Extensions.DependencyInjection.Abstractions.wasm": "sha256-YHjnXdQfeSXTi2jPeBuUdVqLw0+YGCPaZm1uBG/dRds=",
      "Microsoft.Extensions.Logging.wasm": "sha256-lronxO5RVywLbFhme/ExIuzFePlP8EosZyZteUaMAwE=",
      "Microsoft.Extensions.Logging.Abstractions.wasm": "sha256-HbtMUzIIXgi7lfYQDxb6l6aMWu5jkNv6U/xZl/4uggo=",
      "Microsoft.Extensions.Options.wasm": "sha256-mngxZ7DtB5tYzmxZdVWZapJTSJ/yGClqQAcqOkLk3Lk=",
      "Microsoft.Extensions.Primitives.wasm": "sha256-Bi1hyBMWneH/ByWbqT/pNe0B7I/NQFklzD2g3Whdqlk=",
      "Microsoft.JSInterop.wasm": "sha256-0eR9axhmDAIauiA+SaW8Ym3M46G0ZC3LDViSI3FEnAY=",
      "Microsoft.JSInterop.WebAssembly.wasm": "sha256-Bow16rVtAG08g4tImTmK2w1/aBzGXfKB1GFCpvRp2bE=",
      "System.Collections.Concurrent.wasm": "sha256-1VsWJDZOjHhGgkeARctS8GDDlgoxhawD8YVXMzt3rNE=",
      "System.Collections.wasm": "sha256-ghuVCgjKE3UiE8QRLl4DZS6vaOyIJm9vox95mws3Ehw=",
      "System.ComponentModel.wasm": "sha256-LhJJEJ3iG2a04R9QyKFhRpkVTpEn74e9ukCtx8oGZ40=",
      "System.Console.wasm": "sha256-CPUpsOPVlxH36cm2dHRRl2xzqEvx7rhQGCw8ORdZyho=",
      "System.Diagnostics.DiagnosticSource.wasm": "sha256-XC2AKGgjzIuJU3y+K2FO8RtYdAY3VHYG6uBcFN+HMOY=",
      "System.Linq.wasm": "sha256-Xjz/B9bMg9x76K+NhNzgY70827SQrDI4R/JWx8r4P1k=",
      "System.Memory.wasm": "sha256-Oq9UQBaIAhWyqvCLp+a38H24Pn8ozR+UzdtYmlnjpNs=",
      "System.Net.Http.Json.wasm": "sha256-iwUDb49085N8rDl6vjd3XLQ3vrWak8jgiFfmJaTo45I=",
      "System.Net.Http.wasm": "sha256-daTJgJmB2XK1jEY0yFJYe1kctdvDmWCFXcEPZZ+ng/g=",
      "System.Net.Primitives.wasm": "sha256-qQQJFBo8rvgAI/UP5cWf04bempHFvT5eSfb8xhLv0og=",
      "System.Private.Uri.wasm": "sha256-OuUWCATbiNXIKPRgx9LJTCbSEl31/lZKuCSX4BIdXyk=",
      "System.Runtime.InteropServices.JavaScript.wasm": "sha256-HoMTDuTDnPPGz33cAhUPWnjlBFwLPlXJmatxg7HMeac=",
      "System.Runtime.wasm": "sha256-enaG24nbs0Eoad24+/vYnbz1xNRm6QYcTZx5I2y2q9A=",
      "System.Text.Encodings.Web.wasm": "sha256-W1+3Cs/g9HhgLy8QR8yJAQbxhEi61ZFQGNgOUretBKQ=",
      "System.Text.Json.wasm": "sha256-t7kxB26qjmY6qxS+DjESrKgOnF5UcHmMiSmpMP4lDDw=",
      "System.Text.RegularExpressions.wasm": "sha256-N5iEwt2bfvrglh1Ef1pkKFXQo82wOkhE64+4FGK7Ru8=",
      "System.Private.CoreLib.wasm": "sha256-McalU+lVDkktJ8s1xoo3UabzYRkhsXPxhQA3sQWY2z0=",
      "MyPortfolio.wasm": "sha256-z9rLmtIlNpXfKx4J6pv8/SsaWRMYEqMCp9/L6N2zZh0="
    }
  },
  "cacheBootResources": true,
  "debugLevel": 0,
  "linkerEnabled": true,
  "globalizationMode": "sharded",
  "extensions": {
    "blazor": {}
  }
}